{"fx": 610.8594970703125, "fy": 611.0228881835938, "height": 480, "width": 640, "ppy": 243.9644317626953, "ppx": 320.4109191894531, "depth_scale": 0.0010000000474974513}